id,secao,titulo,conteudo,empresa
1,1,Propósito,"A presente política estabelece as condições, prazos, passos e exceções aplicáveis a
solicitações de devolução, troca e reembolso realizadas por clientes da BuyMais em
compras efetuadas através de nossos canais oficiais de venda na LATAM.
Esta política busca oferecer uma experiência clara, ágil e consistente, sem perder de vista a
natureza variada de nosso catálogo e as particularidades logísticas de cada país da região.
Adicionalmente, esta política serve como guia de treinamento para a equipe de suporte e
pós-venda, com o objetivo de padronizar a avaliação de casos, reduzir ambiguidades e garantir
que cada resposta ao cliente mantenha a mesma lógica operacional e o tom de voz da marca
BuyMais.",BuyMais
2,2,Escopo,"Esta política aplica-se a:
• Compras realizadas na loja online da BuyMais
• Compras processadas pelo atendimento ao cliente com confirmação de pedido
• Produtos despachados dentro da LATAM, de acordo com a cobertura operacional vigente
• Solicitações de devolução por arrependimento, produto incorreto, dano em trânsito, defeito
de fábrica ou falta parcial
• Casos que envolvam coleta, retorno ao armazém ou validação de recebimento do produto
Não se aplica a:
• Compras realizadas por canais não oficiais
• Produtos personalizados ou feitos sob encomenda, salvo defeito de fábrica
• Produtos cuja embalagem ou lacres tenham sido alterados quando aplicável restrição
sanitária, de segurança ou de higiene
• Casos fora dos prazos estabelecidos nesta política, salvo revisão excepcional pela área de
Experiência do Cliente
• Solicitações vinculadas a fraude comprovada, abuso do sistema ou falsidade ideológica
• Reclamações que já tenham sido resolvidas e encerradas formalmente, salvo reabertura
autorizada",BuyMais
3,3,Princípios gerais,"Na BuyMais, entendemos que uma compra online pode exigir ajustes. Por isso, nossa
lógica operacional prioriza:
• Validação rápida do caso
• Comunicação clara
• Solução consistente
• Rastreabilidade do pedido
• Coordenação com logística, pagamentos e garantia quando aplicável
• Critério uniforme entre países, mantendo a regulamentação local aplicável
Quando uma solicitação envolve dano, falha ou produto faltante, a equipe de suporte poderá
consultar o Manual de Garantia de Produtos da BuyMais antes de definir se corresponde
devolução, substituição ou reparo.
A resolução de cada caso deve considerar tanto a experiência do cliente quanto a proteção da
operação. Isso significa que a BuyMais busca ser flexível quando apropriado, mas também
prudente quando a reclamação não atende a critérios objetivos de elegibilidade.",BuyMais
4,4,Definições operacionais,"4.1 Reembolso
Devolução do dinheiro pago pelo cliente, total ou parcial, conforme a resolução do caso.
4.2 Devolução
Retorno físico do produto aos centros operacionais da BuyMais ou a um ponto de coleta
autorizado.
4.3 Troca
Substituição do produto por outro igual ou equivalente, conforme a disponibilidade.
4.4 Defeito de fábrica
Defeito de origem não provocado por uso indevido, quedas/pancadas, manipulação
inadequada ou instalação incorreta por parte do cliente.
4.5 Dano em trânsito
Deterioração do produto ocorrida durante o transporte e devidamente verificada pela BuyMais ou pelo operador logístico.
4.6 Pedido incorreto
Entrega de um produto diferente do comprado, ou com variação errada em relação à
confirmação do pedido.
4.7 Arrependimento
Solicitação do cliente para desistir da compra dentro do prazo aplicável, quando a
regulamentação local ou a política interna o permitem.
4.8 Falta parcial
Situação em que o pedido chega incompleto e uma parte do conteúdo não foi incluída no
despacho ou não pôde ser atestada na entrega.",BuyMais
5,5,Prazos de solicitação,"5.1 Arrependimento de compra
O cliente pode solicitar devolução por arrependimento dentro dos 10 dias corridos
subsequentes ao recebimento do pedido, desde que o produto cumpra com os requisitos de
elegibilidade.
5.2 Produto incorreto, faltante ou dano visível
A solicitação deve ser feita dentro das 48 horas seguintes à entrega, anexando evidência
fotográfica ou vídeo de acordo com o tipo de incidência.
5.3 Falha de funcionamento
A solicitação deve ser realizada dentro do período de garantia aplicável ao produto, conforme
o Manual de Garantia de Produtos da BuyMais.
5.4 Reembolso aprovado
Uma vez aprovado, o reembolso é processado em um prazo de 5 a 10 dias úteis, dependendo
do método de pagamento e do país de origem da compra.
5.5 Casos com revisão estendida
Em situações que exijam validação adicional com o operador logístico, análise técnica ou
verificação de pagamento, o prazo poderá ser estendido, informando ao cliente o status do
processo e o novo tempo estimado.",BuyMais
6,6,Canais de atendimento,"As solicitações são gerenciadas unicamente pelos canais oficiais da BuyMais:
• Central de ajuda na web
• Formulário de pós-venda
• Chat de suporte
• E-mail de atendimento ao cliente
A equipe poderá pedir informações adicionais para validar identidade, pedido e estado do
produto.
Não são consideradas válidas as solicitações enviadas por canais não oficiais, mensagens
isoladas sem dados mínimos do pedido ou publicações em redes sociais sem o devido
encaminhamento formal ao sistema de atendimento.",BuyMais
7,7,Condições para aceitar uma devolução,"Para que uma devolução seja aceita, o produto deve cumprir com o seguinte:
• Contar com comprovante de compra ou número do pedido
• Ser apresentada dentro do prazo aplicável
• Estar completo, com acessórios, manuais e brindes promocionais, se houver
• Não mostrar sinais de uso incompatíveis com a revisão solicitada
• Manter, quando aplicável, a embalagem original ou proteção equivalente
• Não ter sido submetido a reparo externo não autorizado
Além disso, a equipe de suporte poderá verificar:
• Coincidência entre o produto recebido e o declarado pelo cliente
• Estado visível do item
• Condições da embalagem
• Integridade de lacres ou etiquetas, quando aplicável
• Coerência entre a evidência apresentada e o relato do caso",BuyMais
8,8,Casos elegíveis,"8.1 Arrependimento
Aplica-se quando o cliente decide não ficar com o produto por motivos pessoais, desde que
não se trate de uma categoria excluída.
8.2 Erro de despacho
Aplica-se quando o produto entregue não coincide com o pedido confirmado.
8.3 Produto danificado
Aplica-se quando o produto apresenta dano visível ao ser recebido e é registrado dentro do
prazo de 48 horas.
8.4 Falha coberta por garantia
Aplica-se quando o produto deixa de funcionar por causas atribuíveis à fabricação ou
materiais, dentro do período de garantia.
8.5 Falta parcial
Aplica-se quando o pedido chega incompleto e o item faltante pode ser validado pelo
armazém, logística ou evidência fornecida pelo cliente.
8.6 Incidência de entrega atribuível à operação
Aplica-se quando o caso apresenta evidência de erro interno na preparação, despacho,
etiquetagem ou coordenação logística.",BuyMais
9,9,Casos não elegíveis,"Não são aceitas devoluções ou reembolsos por:
• Uso indevido
• Instalação incorreta
• Danos provocados por água, fogo, umidade extrema ou descargas elétricas não associadas
a defeito de fábrica
• Produtos consumíveis já abertos, salvo defeito comprovado
• Itens alterados, lavados, modificados ou incompletos por causas alheias à operação
• Solicitações apresentadas fora do prazo
• Insatisfação subjetiva sem relação com o produto entregue e sem cumprimento das
condições de arrependimento
• Perda de acessórios sob custódia do cliente, quando não existam indícios de erro
operacional
• Danos estéticos menores não atribuíveis à fabricação, transporte ou embalagem
• Casos sem evidência suficiente, quando a validação necessária não puder ser concluída",BuyMais
10,10,Fluxo de atendimento,"Passo 1. Recebimento da solicitação
O cliente envia sua solicitação por um canal oficial.
Passo 2. Validação inicial
O suporte verifica:
• Número do pedido
• Data de entrega
• Motivo
• Evidência
• Elegibilidade preliminar
Passo 3. Classificação do caso
A solicitação é classificada como:
• Arrependimento
• Troca
• Reembolso
• Garantia
• Incidência logística
Passo 4. Resolução
Determina-se uma das seguintes ações:
• Reembolso total
• Reembolso parcial
• Troca pelo mesmo produto
• Troca por produto equivalente
• Revisão por garantia
• Recusa fundamentada
Passo 5. Encerramento
O cliente recebe confirmação por escrito com o resultado e os próximos passos.
Passo 6. Confirmação operacional
Quando aplicável, a equipe registra:
• Número do caso
• Status final
• Responsável pela ação
• Data estimada de execução
• Observações internas",BuyMais
11,11,Reembolsos parciais,"Pode ser aplicado o reembolso parcial quando:
• Falta um acessório não essencial
• O pedido apresenta uma incidência compensável de forma proporcional
• O cliente aceita manter parte do pedido com desconto ou compensação definida pela
BuyMais
• A devolução física não é necessária para resolver completamente o caso
• É acordado um ajuste comercial para encerrar a incidência
Toda compensação parcial deve ficar registrada com motivo, valor e aprovação interna.
Quando esse tipo de resolução for aplicado, o cliente deve receber uma explicação clara sobre:
• Qual parte está sendo compensada
• Qual parte permanece sem ajuste
• Como o valor foi calculado
• Qual o próximo passo, se aplicável",BuyMais
12,12,Custos de devolução,"12.1 Por arrependimento
Quando a devolução é realizada por decisão do cliente e não existe erro atribuível à BuyMais, o custo de retorno pode ser assumido pelo cliente, desde que a legislação local o permita
e o caso tenha sido informado de forma prévia.
12.2 Por erro da BuyMais
Se o erro for atribuível à BuyMais, a coleta ou devolução não terá custo para o cliente.
12.3 Por garantia
Se a revisão confirmar falha coberta pela garantia, a BuyMais assumirá o custo logístico de
retorno ou coleta, conforme a disponibilidade operacional.
12.4 Por incidência compartilhada
Se o caso apresentar elementos mistos, a área de pós-venda poderá definir se o custo será
distribuído, compensado parcialmente ou assumido integralmente por uma das partes, de
acordo com a regulamentação local e a evidência disponível.",BuyMais
13,13,Relação com envios,"As devoluções associadas a entregas atrasadas, pacotes extraviados ou produtos danificados
em trânsito devem ser avaliadas em conjunto com as informações contidas no Guia de Prazos
e Custos de Envio da BuyMais. Em casos de disputa por entrega, o número de
rastreamento e o status logístico serão considerados evidência operacional.
Também podem ser considerados:
• Confirmação de despacho
• Registro de tentativa de entrega
• Observações do operador logístico
• Prova de endereço
• Histórico de movimentações do pacote",BuyMais
14,14,Relação com garantia,"Se o produto apresentar uma falha após a entrega, o caso será tratado primeiro de acordo com
o Manual de Garantia de Produtos da BuyMais. Apenas se o caso não cumprir os critérios
de garantia ou se o cliente optar por uma devolução elegível, continuará sob esta política.
Quando houver sobreposição entre dano em trânsito e falha de funcionamento, a equipe
determinará qual é a causa mais provável com base em:
• Momento de detecção
• Tipo de dano
• Evidência apresentada
• Condição da embalagem
• Histórico de transporte",BuyMais
15,15,Relação com pagamentos,"Os reembolsos são processados no mesmo meio de pagamento utilizado na compra, salvo
impossibilidade técnica ou normativa. Se o método não permitir o estorno direto, a área de
pagamentos poderá oferecer uma alternativa equivalente conforme o caso.
Também podem intervir:
• Cancelamento de autorização
• Conciliação bancária
• Validação de titularidade
• Confirmação de captura
• Ajustes por parcelamento ou financiamento",BuyMais
16,16,Casos por país,"Como a BuyMais opera na LATAM, alguns prazos ou requisitos podem ser ajustados
devido à regulamentação local. Nesses casos:
• Respeita-se a legislação aplicável do país da compra
• Mantém-se a lógica interna de validação
• O cliente receberá a explicação correspondente antes da finalização do processo
• Poderá ser exigida documentação adicional de acordo com a regulação tributária, bancária
ou de consumo",BuyMais
17,17,Evidências necessárias,"Dependendo do caso, o suporte pode solicitar:
• Foto do produto
• Vídeo do funcionamento ou dano
• Foto da embalagem
• Foto da etiqueta de envio
• Comprovante de recebimento
• Número de série
• Descrição detalhada do incidente
• Captura de tela do erro ou mensagem do sistema
• Evidência do conteúdo recebido, quando o pedido estiver incompleto
A evidência deve ser legível, recente e consistente com o caso relatado.",BuyMais
18,18,Exemplos operacionais,"Exemplo 1
Um cliente recebe um produto diferente do comprado. Apresenta evidência dentro de 48
horas. É aprovada a devolução sem custo e coordena-se o reenvio ou reembolso.
Exemplo 2
Um cliente deseja devolver um item porque mudou de ideia. Solicita dentro dos 10 dias
corridos e o produto está sem uso. A devolução por arrependimento é aceita.
Exemplo 3
Um produto para de ligar após um mês de uso. É avaliado de acordo com o Manual de Garantia.
Se confirmado defeito de origem, é providenciada a troca ou reparo conforme a
disponibilidade.
Exemplo 4
Um pedido chega com um acessório faltando, mas o produto principal está em perfeito estado.
Avalia-se o reembolso parcial ou o envio do item faltante, mediante validação interna.",BuyMais
19,19,Tempos de resolução,"• Aviso de recebimento: imediato ou em até 24 horas úteis
• Validação inicial: 1 a 3 dias úteis
• Coleta ou recebimento: conforme a cobertura logística
• Reembolso: 5 a 10 dias úteis após a aprovação
• Encerramento administrativo: assim que a solução for executada e a conformidade interna
for registrada",BuyMais
20,20,Encerramento e comunicação,"Toda resolução deve ser comunicada com um tom claro, amigável e direto. A BuyMais
prioriza explicar:
• O que foi aprovado
• O que foi recusado
• Por que
• Quais os próximos passos
• Qual prazo o cliente deve esperar
O encerramento não deve deixar dúvidas operacionais. Se o cliente precisar de acompanhamento
posterior, o caso deve ficar documentado para futuras consultas com a mesma referência.",BuyMais
21,21,Critérios complementares de avaliação,"Além dos pontos anteriores, a equipe pode considerar:
• Comportamento histórico da conta
• Reincidência de reclamações semelhantes
• Coerência entre canais de venda e entrega
• Evidência de manipulação após o recebimento
• Possível erro de armazém ou de preparação
• Compatibilidade entre a reclamação e o tipo de produto",BuyMais
22,22,Gestão de solicitações especiais,"Algumas solicitações exigem revisão excepcional, por exemplo:
• Casos com barreiras de idioma ou acessibilidade
• Clientes com dificuldades para anexar evidência
• Entregas em áreas de cobertura complexa
• Solicitações em que o cliente relata um impacto urgente
• Casos que envolvam compensações comerciais extraordinárias
Estas situações não alteram a política, mas podem modificar a forma de validação ou
comunicação.",BuyMais
23,23,Coordenação entre áreas,"A gestão de uma devolução pode envolver:
• Atendimento ao cliente
• Logística
• Armazém
• Pagamentos
• Experiência do Cliente
• Área de garantia
• Operador logístico externo
Cada área deve registrar sua intervenção com clareza para preservar a rastreabilidade do caso.",BuyMais
24,24,Rastreabilidade e registro interno,"Todo caso deve conservar, no mínimo:
• ID ou número do caso
• Pedido vinculado
• Data da solicitação
• Motivo
• Evidência recebida
• Decisão tomada
• Status de execução
• Data de encerramento
A rastreabilidade permite responder a consultas futuras e revisar a qualidade operacional do
processo.",BuyMais
25,25,Regras de comunicação com o cliente,"A comunicação deve ser:
• Clara
• Respeitosa
• Consistente
• Sem termos técnicos desnecessários
• Sem prometer resultados antes da conclusão da validação
Se o caso for recusado, a explicação deve incluir o motivo concreto e, quando aplicável, a opção
disponível para o cliente.",BuyMais
26,26,Cenários de resolução frequente,"26.1 Produto incorreto com evidência completa
Aprova-se a troca ou o reembolso.
26.2 Falha relatada fora do prazo de incidência inicial
O caso é encaminhado à garantia ou recusado, dependendo da situação.
26.3 Pedido incompleto com evidência parcial
Solicita-se verificação adicional ou propõe-se um ajuste proporcional.
26.4 Arrependimento com produto usado
É recusado se o uso exceder as condições permitidas.
26.5 Dano em trânsito confirmado
Gerencia-se a devolução, substituição ou reembolso de acordo com a disponibilidade e a
evidência.",BuyMais
27,27,Recomendações operacionais para suporte,"• Confirmar sempre o número do pedido antes de qualquer validação
• Não classificar um caso sem revisar a evidência mínima
• Cruzar as informações com envios, pagamentos e garantia quando aplicável
• Manter uma linguagem simples e profissional
• Evitar respostas ambíguas
• Escalonar imediatamente os casos fora do protocolo
• Documentar cada resolução para consultas futuras",BuyMais
28,28,Notas de coordenação com outros documentos,"Esta política deve ser lida em conjunto com:
• O Guia de Prazos e Custos de Envio da BuyMais, para casos com atrasos, extravios ou
danos em trânsito
• As Perguntas Frequentes sobre Métodos de Pagamento da BuyMais, para reembolsos,
estornos e conciliação financeira
• O Manual de Garantia de Produtos da BuyMais, para falhas de funcionamento ou
defeitos atribuíveis ao produto
Quando houver sobreposição entre documentos, a equipe deve aplicar o critério que melhor
preserve a coerência operacional e a regulamentação local vigente.",BuyMais
29,29,Matriz orientativa de decisão,"29.1 Se o cliente mudou de ideia
Revisar arrependimento, prazo, estado do produto e restrições de categoria.
29.2 Se o produto chegou incorreto
Verificar pedido, evidência e data de entrega. Pode corresponder a troca ou reembolso.
29.3 Se o produto chegou danificado
Avaliar dano visível, embalagem e tempo de relato. Pode corresponder a devolução ou
garantia.
29.4 Se o pedido chegou incompleto
Comprovar o item faltante, recebimento e evidência. Pode corresponder a compensação
parcial.
29.5 Se a falha apareceu após o uso do produto
Encaminhar primeiro para a garantia.",BuyMais
30,30,Perguntas frequentes internas,"Pode-se aprovar uma devolução sem o retorno físico?
Sim, quando a incidência permitir e a área responsável autorizar.
Pode-se oferecer uma troca sem que o cliente devolva o produto?
Apenas em casos excepcionais e com aprovação interna documentada.
O que fazer se o cliente se recusar a devolver o produto?
Explicar a condição necessária para continuar e registrar a recusa.
O que acontece se a evidência não for conclusiva?
Solicitar informações adicionais ou escalonar para revisão.
É possível combinar compensação e reenvio?
Sim, se o caso justificar e ambas as ações ficarem registradas.",BuyMais
31,31,Critérios de escalonamento,"Escalonar quando:
• Houver cobrança sem pedido visível
• Houver discrepância entre a evidência e o relato
• O caso tiver impacto reputacional potencial
• A operação já tiver oferecido uma solução e o cliente solicitar revisão de nível superior
• O produto pertencer a uma categoria sensível ou com regulamentações especiais",BuyMais
32,32,Registro de exceções autorizadas,"Toda exceção aprovada fora do fluxo padrão deve incluir:
• Motivo da exceção
• Área aprovadora
• Data
• Impacto operacional
• Resolução aplicada
• Validade da autorização",BuyMais
